mse,r2,rmse
0.016086907491596705,0.8944883385085683,0.12588398473658585
